{
  "weights": {
    "alpha": 0.9794236618295111,
    "beta": 0.34002558500460633,
    "gamma": 0.8000000110357872,
    "ori": 0.10807164054125219,
    "lbp": 0.10092364767692683,
    "prior_w": 0.07448736027954495
  },
  "band": 5,
  "prior_w": 0.1
}